"id","url","key"
"0820b10a-5710-4e90-b9ed-a2ad7c7ec742","http://ogc-act.csiro.au/ipt/resource?r=imos_atf_ad","3f4d4bf1-5f9a-43f2-a0d8-ff6ed5952796"
"f5a4799e-dc24-4807-89d9-01da47d52e3b","https://www1.usgs.gov/obis-usa/ipt/resource?r=noaa_dsc_rtp","df8e3fb8-3da7-4104-a866-748f6da20a3c"
"2ae2a2bd-8412-405b-8a9f-b71adc41d4c5","https://www1.usgs.gov/obis-usa/ipt/resource?r=ncrmp_nspc_fish_pacific","f56fb306-32e4-4b96-a381-6b87c186ad0f"
"bf78a780-0a48-45d6-af11-cf52b7b6ec5f","https://www1.usgs.gov/obis-usa/ipt/resource?r=sefsc_cages_alabama_lengths_cpue_20141103","1d39953f-5c1a-4dad-8524-70191eb4fe6c"
"231dc661-d8d9-4d49-9ff0-45bd21a08541","https://nzobisipt.niwa.co.nz/resource?r=obisprovider","2a636fd6-dc73-49c0-9e5b-26bd05532313"
"2a8ddd06-2a18-4fae-81cc-5f5bfe0ef335","https://www1.usgs.gov/obis-usa/ipt/resource?r=usgs_pwrc_seabirdscompendium","a56671b7-f619-4f49-9250-dfa7c0b298dc"
"43b58971-4fda-4210-a6ef-654fe0ce226d","https://www1.usgs.gov/obis-usa/ipt/resource?r=noaa_nbi","5199d77b-fc69-4c85-94f2-4d3e63e777ff"
"6c813a6c-86f7-4d45-beb5-33eebd8de938","https://nzobisipt.niwa.co.nz/resource?r=vme_inverts","be62fffc-d0e7-45f2-9404-d4bc4322bc57"
"96c7952d-5021-4749-b87e-14b8de026eb0","https://www1.usgs.gov/obis-usa/ipt/resource?r=usgs_glsc_rvcat_trawl","91641b5c-7afa-4262-9fe0-d22d067ce299"
"14408cc8-5d37-46d1-91a9-d838fc339ff9","http://ogc-act.csiro.au/ipt/resource?r=imos_apd_data","a57985ac-a9af-4ccb-803c-f5b803af0318"
"a7c34e24-2f61-4748-9521-c179421904b6","http://ogc-act.csiro.au/ipt/resource?r=aims_fish_1992_2015","41f52fa4-f22f-4f46-8a8c-9864de450e0f"
"31b17f30-52ff-4fb7-9a43-dba1eee8385c","http://ogc-act.csiro.au/ipt/resource?r=kapala","764e832b-96ec-49bb-8de2-f8c5ca09afc2"
"e84e4864-bb77-486d-9940-d784014dd2fc","https://www1.usgs.gov/obis-usa/ipt/resource?r=fwc_marine_inverts_collection","a0a4d131-f53f-43b2-a1ba-254473b8a006"
"d50e0443-4d84-4bd9-a5ad-4d417a7607e2","https://www1.usgs.gov/obis-usa/ipt/resource?r=2009floridakeysrvc","1ea1cb01-e168-4236-be23-8c86ec51fc3f"
"b4ac3d44-b4bf-49ef-a6e9-e2c02adff2fa","https://www1.usgs.gov/obis-usa/ipt/resource?r=drytortugasreefvisualcensus2012","3063fd20-83ba-4716-9a5e-07fcea584f06"
"2c6db58f-ae91-4a17-9f0f-7db28506b94f","https://nzobisipt.niwa.co.nz/resource?r=obisspecify","4d0b1b2a-3209-49ce-bb93-7503e4868019"
"bcd1a4f5-c99b-404d-b01a-47e8a5d80e2b","https://www1.usgs.gov/obis-usa/ipt/resource?r=floridakeysreefvisualcensus2014","ccddb599-33cb-4206-bbb9-d8dc641c70cd"
"5eacd6fb-0eea-416e-a1e4-cc0abb82b688","https://www1.usgs.gov/obis-usa/ipt/resource?r=floridakeysreefvisualcensus2016","40bfac0e-a1b5-4c9e-862e-64327195f210"
"5702d4da-3041-4601-94f7-7a2e3c6e722c","https://www1.usgs.gov/obis-usa/ipt/resource?r=drytortugasreefvisualcensus2014","20e8d7fb-9b3b-43c6-a81d-8ebcd6c0ab11"
"208bbf73-5dac-4d20-a017-5fc7d18a5b48","https://www1.usgs.gov/obis-usa/ipt/resource?r=floridakeysreefvisualcensus2011","7c1373e6-36e2-486f-9e09-ef36cd12c6ed"
"33f39020-dfb7-4d45-bee3-9e3910792d9d","https://www1.usgs.gov/obis-usa/ipt/resource?r=2012floridakeys","9a71aa12-7636-4381-9986-d8f03240b277"
"97d434fe-2a1b-47ab-8b76-7789685bf116","http://ogc-act.csiro.au/ipt/resource?r=csiro_soviet_fishery_data","42793207-9afe-4991-bff4-db2be2e6182e"
"8abea506-c7b5-4b8b-a309-74022cf7c4ee","https://www1.usgs.gov/obis-usa/ipt/resource?r=floridakeysreefvisualcensus2008","e6712257-e922-4bc3-8b5e-e567a0458ad2"
"6d58ae08-4657-42bc-99fc-61e69278db13","http://ogc-act.csiro.au/ipt/resource?r=csiro_gummy_sharks","433e55fe-a408-46f8-8184-dd4e33e4782f"
"553e6cd6-89a8-4482-b767-fb79a8d9c6ee","http://ogc-act.csiro.au/ipt/resource?r=csiro_nw_shelf_demersal","14a9a51d-a69d-49a8-b4ec-8f8455acc34b"
"693f6686-3f0b-4f81-8f27-1ae44c17c33e","https://www1.usgs.gov/obis-usa/ipt/resource?r=dt2008","2501caa2-803b-4f6b-9e36-f9f5c72c0666"
"1b78a368-cba0-4863-85fb-652f0f181c5e","http://ipt.vliz.be/eurobis/resource?r=benthos_plumejeaud_perreau","182ddb9b-6cb7-4544-8469-c52d186064c5"
"90faff6c-f5fe-4997-bd48-5b4651f5a11f","http://ogc-act.csiro.au/ipt/resource?r=csiro_goc","86cd718d-eb8d-46a0-aeec-3b0089a69ab9"
"f3e2bdd3-d495-421a-9182-92432ef24c79","http://geo.abds.is/ipt/resource?r=dfo_amfd","40feadfa-94ea-4af3-90e1-5dffd0fb61df"
"3e5c1939-d9a7-4f0d-bcb9-eda015f02da4","https://www1.usgs.gov/obis-usa/ipt/resource?r=drytortugasreefvisualcensus2010","f31212ae-87f5-45e3-8c03-87a0cc5cb86f"
"c91bedb0-5fa7-4d3d-80c4-fd4a3bbafdc0","https://www1.usgs.gov/obis-usa/ipt/resource?r=floridakeysreefvisualcensus2010","1840aafc-6446-450e-9d7d-483790b20f6a"
"d13ec1f1-d82a-4cdb-92e9-3f2144bf7a2e","http://ogc-act.csiro.au/ipt/resource?r=brs_2000_2002","a81bea66-5d00-4fc7-a8d8-4c873d916f06"
"c0bf85d7-a728-452d-9762-877ad6240a8f","https://www1.usgs.gov/obis-usa/ipt/resource?r=tpwd_harc_texasmatagordabay_trawl_20150130","17411afb-5543-4d0a-8f36-47cb8322062e"
"56b8f5a4-3912-4be7-9cbe-ef46e3e4946b","https://www1.usgs.gov/obis-usa/ipt/resource?r=tpwd_harc_texascorpuschristibay_trawl_20150130","f42d2be3-1264-4b68-a3bd-39363bcc437f"
"e285d9f4-c55d-42c0-805d-a566c2c58a45","https://www1.usgs.gov/obis-usa/ipt/resource?r=usgs_southflorida_fian_crustaceans","014ffcc4-58fc-495f-890c-11eb2dcb62e2"
"a3e4bd6a-d99a-4eaf-9aef-d197929bf66b","https://www1.usgs.gov/obis-usa/ipt/resource?r=floridakeysreefvisualcensus2007","2f1f9ef5-07bf-4ddb-931a-930f251de793"
"3372a229-1200-4229-a531-220c6c91ac07","https://www1.usgs.gov/obis-usa/ipt/resource?r=drytortugasreefvisualcensus2016","29f71768-50ac-4a9d-8985-86638b0b30e4"
"0c61d911-3b74-4ba0-97b5-eebf411843d6","https://www1.usgs.gov/obis-usa/ipt/resource?r=floridakeysreefvisualcensus2001","b3614f42-8f96-49b5-9659-4c421a983f02"
"e168c19e-d9e9-447c-b077-1faa487df4a6","http://ogc-act.csiro.au/ipt/resource?r=imos_auscpr_zoop","456619c2-c56e-4d4b-86df-ddc80750bda8"
"dcb057b5-c33a-4289-b709-2fc75555fcb0","https://www1.usgs.gov/obis-usa/ipt/resource?r=tpwd_harc_texasmatagordabay_bagseine_20150130","ea09e0f4-36c4-4383-b04d-48da83a32c5c"
"89b18767-2942-49a8-97d1-1ffc9ffb6587","https://www1.usgs.gov/obis-usa/ipt/resource?r=tpwd_harc_texasaransasbay_trawl_20150130","d0e9b7eb-29a9-4695-bb13-22585df648a5"
"543a4476-6145-4f38-a84b-e8fe7a281bed","https://www1.usgs.gov/obis-usa/ipt/resource?r=drytortugasreefvisualcensus2004","dfde3cb2-99a6-40a3-a333-900ddcb17807"
"46b1957a-3c6a-4314-b9a0-5de9d1f9ae77","https://www1.usgs.gov/obis-usa/ipt/resource?r=drytortugasreefvisualcensus2006","b9d90a50-3138-4837-b4b1-775f3526889c"
"a2c09762-23d3-4322-a910-52bf8a1aa092","https://www1.usgs.gov/obis-usa/ipt/resource?r=fkrvc2002","ce696ea3-4862-4649-a0a7-02fb416bcbab"
"93410e9a-ae53-4dde-9ea5-d9b2dae6db22","http://ogc-act.csiro.au/ipt/resource?r=nmr_regions_fish_invertebrates","223f6e89-c7b5-4e8c-99a2-da2752f16435"
"5072e436-41af-4029-bcb4-d2282bb60d81","https://www1.usgs.gov/obis-usa/ipt/resource?r=floridakeysreefvisualcensus2006","fa90f202-2921-4dea-a16c-ba9f602e8ffd"
"17ce69d0-2504-4ae3-bc87-16b096863f51","http://geo.abds.is/ipt/resource?r=as_zoo","451eb991-c1f4-479f-b1f8-7c1b4e8f9114"
"b8439c16-2820-48e9-8ea0-7ccbd71b8805","http://ogc-act.csiro.au/ipt/resource?r=imos_azd_data","92580ab9-28a5-490f-9a6a-a5fa45449332"
"12a9b8a9-845a-4dba-8f64-6a6fe48cfe44","https://www1.usgs.gov/obis-usa/ipt/resource?r=usgs_southflorida_fian_fish","3cdabf9a-99da-4383-b6cc-10afee5fb854"
"b58c4257-5756-4090-b15d-e33d1f0d85cc","https://www1.usgs.gov/obis-usa/ipt/resource?r=tpwd_harc_texassanantoniobay_trawl_20150202","fcdd34e6-43cf-4fbb-a2a9-07163619b872"
"6ec96298-c3de-4767-9467-8ef2e486b5a7","https://www1.usgs.gov/obis-usa/ipt/resource?r=tpwd_harc_texasaransasbay_bagseine","2473e9c3-624f-4cd6-bfc6-b476913790b5"
"9f1a9d1c-833e-4fbc-9ecf-1918c7a8b699","http://ipt.nature.ca/resource?r=cmn_fish","dc3bfd08-0141-45ae-9603-91ac50cdc33b"
"b74f72f3-cc3d-42b2-aa01-930d5ad4f9c2","http://ogc-act.csiro.au/ipt/resource?r=imos_larval_fish","34cb7d73-fce2-46f2-b4df-f8ec6085b8c2"
"c04414fb-9ac0-42d2-be21-f0754f416e04","https://ipt.geome-db.org/resource?r=dipnet","89d78af0-ad71-4136-9812-fb1d415ec933"
"a8a98929-f991-4407-af3a-40496f47297c","http://ogc-act.csiro.au/ipt/resource?r=csiro_gbr_sbd","3b7f6307-2f03-4f25-9f64-6aa4c3a3aea1"
"5b6251f6-a7a5-4dc9-994d-c9504b54776f","https://www1.usgs.gov/obis-usa/ipt/resource?r=rockfishrecruitmentandecosystemassessmentsurveycatchdata","350f00a7-db1f-4133-bc07-71de716339da"
"6bf16e2d-8564-4a2a-b2eb-d1c9954658c0","http://ogc-act.csiro.au/ipt/resource?r=nesp_seagrass","bf1feaf4-b23d-4529-9c47-ac6176c70afe"
"00032856-12cd-46ff-b9d5-ddeaecae3c95","https://nzobisipt.niwa.co.nz/resource?r=mbis_plankton","0ed0a394-5276-433e-bf8d-09ceaaee45e9"
"a96e881a-df75-499f-9057-7a2b85604351","https://www1.usgs.gov/obis-usa/ipt/resource?r=floridakeysreefvisualcensus2000","0c9234fb-f87c-4608-8ec8-0cc8a1f93079"
"e437e667-a179-451d-87ba-96ea827dba9f","https://www1.usgs.gov/obis-usa/ipt/resource?r=vims_neamap","aedcba44-1b8c-47e0-ab48-9370e779b6e1"
"2022bab1-37b3-4c15-8de8-ba8d68c3da71","https://www1.usgs.gov/obis-usa/ipt/resource?r=tpwd_harc_texassanantoniobay_bagseine_20150202","95b694cd-e9db-4831-b6a9-0a6d433d92c1"
"1ab6f729-8cc8-4400-8a3a-080a08f42d3d","https://www1.usgs.gov/obis-usa/ipt/resource?r=floridakeysreefvisualcensus1998","04257f52-91ed-4851-905d-d5887465d363"
"a03764a6-2035-4dac-9def-0136df8936de","https://www1.usgs.gov/obis-usa/ipt/resource?r=floridakeysreefvisualcensus2003","e62db8c8-4ae7-4bbb-9401-97b279cbf126"
"e815809e-fcb5-4ee7-8edd-639aa4b4892d","http://geo.abds.is/ipt/resource?r=arcod_2007p6","59876921-fda6-4fd5-af5d-cba2a7152527"
"0b42117b-0522-44a9-baea-253fff0771a8","https://www1.usgs.gov/obis-usa/ipt/resource?r=floridakeysreefvisualcensus2005","5c02bff2-9680-4df7-b543-3682b60e6b76"
"0fe15290-30c3-4caa-a8e9-0c194ff6b84f","https://www1.usgs.gov/obis-usa/ipt/resource?r=tpwd_harc_texasmatagordabay_gillnet_20150130","b84099fa-99ac-4e11-a8da-d09add544131"
"cda0da6a-9a18-4ed9-9077-ed4ad461d9f3","https://www1.usgs.gov/obis-usa/ipt/resource?r=floridakeysreefvisualcensus1997","2a97ee62-de89-4c4e-8151-0cb2ec98ae3c"
"bff60a89-23bb-4f31-9b40-7bbf2bb19b77","http://ogc-act.csiro.au/ipt/resource?r=anmn_nrs_bgc_plankton_zooplankton_data","2e844554-d9bf-4540-8c6d-2999ad5ced21"
"e49ec110-4fc2-49a7-b409-7537312e7d52","http://ogc-act.csiro.au/ipt/resource?r=imas_rocky_reef_algal","52d51b66-5ed6-4afe-a7b5-d272ca11c3c8"
"ff4fbad2-4dc2-4eda-804c-d0e1b12eb842","https://www1.usgs.gov/obis-usa/ipt/resource?r=tpwd_harc_texaslowerlagunamadre_bagseine_20150130","836204c6-f8ca-49f3-be9a-afbae64ae72c"
"72f57b21-edca-48c8-a55e-b4fce78ac746","https://www1.usgs.gov/obis-usa/ipt/resource?r=drytortugasreefvisualcensus2000","076bbcbe-6c76-4c7c-8835-6dd346ef387a"
"dc9c4c41-ec01-422f-9770-fb2061570142","http://ogc-act.csiro.au/ipt/resource?r=seabird_atlas_southeast_australia","8c748691-6253-43fc-a851-86da40fa0021"
"7238ea93-4e76-463a-82c7-e063157e05a7","https://www1.usgs.gov/obis-usa/ipt/resource?r=fk1999","03837eb5-6905-420d-b3c6-95938753ace7"
"36693923-2abf-4237-8154-8016f32844a0","https://www1.usgs.gov/obis-usa/ipt/resource?r=pifsc_spc_fish_pacific","1510ce8d-3184-48db-bc38-592328868181"
"ddc5a74e-79b0-4ed7-a8de-ceed75bc341e","https://www1.usgs.gov/obis-usa/ipt/resource?r=tpwd_harc_texascorpuschristie_bagseine_20150130","94a6bf19-40a2-4689-ab0e-53edb30b9d36"
"49743994-7d38-41ed-a91f-0674bbb182c7","https://www1.usgs.gov/obis-usa/ipt/resource?r=drytortugasreefvisualcensus1999","70f49e1a-f362-45be-9b6b-c45658d0efbf"
"2ecb5b5d-bb72-4a69-955c-6477ec86522f","https://www1.usgs.gov/obis-usa/ipt/resource?r=tpwd_harc_texassanantoniobay_gillnet_20150202","d0351e80-ae78-46ea-8601-8c458282ae73"
"9b1a023a-219c-4280-9802-1c7896803570","https://ipt.biodiversity.aq/resource?r=baso_porifera","bb54104f-3883-443b-b4fa-c43c6194d8d6"
"04017518-c9c6-4801-a1c9-8019618c9b0d","https://www1.usgs.gov/obis-usa/ipt/resource?r=tpwd_harc_texasupperlagunamadre_bagseine_20150202","9dc24de5-be12-44f9-ab75-c4b62492e8da"
"2be28ad4-42ca-4371-b8c6-37f684aca258","https://www1.usgs.gov/obis-usa/ipt/resource?r=tpwd_harc_texasaransasbay_gillnet_20150130","a6e35034-fca7-457f-888b-e6d97030dee5"
"ea759464-5a9d-4b8c-83ce-858e57240d6e","https://www1.usgs.gov/obis-usa/ipt/resource?r=vims_chesmmap","aa1d8785-b68f-4000-8b5c-f3545b3132bc"
"415fc669-4d0a-4b31-8658-bd16c8f08293","https://www1.usgs.gov/obis-usa/ipt/resource?r=floridakeysreefvisualcensus1995","2d633622-d522-4c0d-93ae-a3940df3bbe7"
"760ec53d-ee7d-4bf9-a575-fb1bc3bf697b","http://ogc-act.csiro.au/ipt/resource?r=imas_rocky_reef_invertebrates","2d38cdfd-8d55-4154-8670-85c1bf9fa39e"
"19119a0f-92f3-4662-85c5-30f8472067cf","http://geo.abds.is/ipt/resource?r=asti_marine","403fabe5-b960-4dc3-9e13-32f479a0b798"
"486e05c5-ad55-4273-956d-5acc1b3f3922","https://www1.usgs.gov/obis-usa/ipt/resource?r=tpwd_harc_texascorpuschristibay_gillnet_20150130","420ab020-3d83-4787-8f3d-f83ebb0e6ded"
"9b38b0d6-7f0a-4a73-b492-746619b6de2d","https://www1.usgs.gov/obis-usa/ipt/resource?r=tpwd_harc_texaslowerlagunamadre_gillnet_20150130","ab8c6591-2993-4bc5-85a4-1d106897b036"
"8f4a1a8f-d7d1-4566-95f3-babcf1bbd8d9","https://www1.usgs.gov/obis-usa/ipt/resource?r=floridakeysreefvisualcensus2004","c67df85a-9a3d-4b93-9625-d1f4b1e2d6f2"
"9d699bfd-d73a-4b55-b113-6c0a8551f481","http://ogc-act.csiro.au/ipt/resource?r=imos_auscpr_phyto","29b28617-c91c-4bc9-b3aa-c97960a8b5c8"
"47c0ed62-9a73-4bdc-a154-e53b788a9534","https://www1.usgs.gov/obis-usa/ipt/resource?r=tpwd_harc_texaslowerlagunamadre_trawl_20150130","99cac79f-b9bf-42e5-88bd-68c30a595437"
"685de728-3eb8-4b31-8bfd-40035bb8aa4d","http://ogc-act.csiro.au/ipt/resource?r=csiro_jbmes","10710e0f-205f-46d4-b1f3-1a92bd21a4f3"
"890296ce-bf63-4656-b8de-dc80d5680c53","https://www1.usgs.gov/obis-usa/ipt/resource?r=tpwd_harc_texasupperlagunamadre_gillnet_20150202","9e82c117-54f1-4750-a029-2dacc9ef5158"
"a145f369-b272-46f7-86bc-08412b1ee927","http://geo.abds.is/ipt/resource?r=rb_zoo","5a0e9dc9-d2b0-489e-91b6-c1e2aca0d62c"
"566386e9-9494-40a1-a3a0-63233c208fee","http://ogc-act.csiro.au/ipt/resource?r=imas_rocky_reef_fish","390dcccc-4ee1-4ee1-8607-3e4f584bcccb"
"9d629feb-ba03-4a83-908c-794d94d30531","https://www1.usgs.gov/obis-usa/ipt/resource?r=ogl_msc_northeasternuniversity","968dfa3e-3614-4bab-a3b5-e9209bdd6078"
"b545eb74-b139-40ad-96ce-3e9d07d2fd25","http://ogc-act.csiro.au/ipt/resource?r=aims_gbr_octocorals","d9ebe5c6-0295-487b-8c26-3f2ff626fce3"
"585d686c-b216-4343-b548-ddc7a9286487","https://www1.usgs.gov/obis-usa/ipt/resource?r=usgs_waterquality_sanfranciscobay_phytoplankton_1992_2014","3c89212d-104e-43ef-913a-bc71592551ff"
"3ab72305-4c52-443f-9cbe-d83c7b947807","https://www1.usgs.gov/obis-usa/ipt/resource?r=tpwd_harc_upperlagunamadre_trawl_20150202","cc7cd3f8-1ff5-4273-ad34-f89351392925"
"3cd94a39-6a58-4f0e-9c74-e044e7a0e737","http://geo.abds.is/ipt/resource?r=arc_2009p6","6ee7cc49-13fc-4cc3-b6d1-ab3e50903ec4"
"3e3924b8-8754-433d-8e52-01842d8f04b6","https://www1.usgs.gov/obis-usa/ipt/resource?r=tpwd_harc_texassabinelake_baytrawl_20150202","b902eee0-ecf4-4269-8af0-0e67d753b89a"
"8cb3a754-1d96-4b48-87f2-05468b9b3aae","http://ogc-act.csiro.au/ipt/resource?r=csiro_bottom_trawls_1898_1996","1217d9ba-4be1-4965-ab8d-c2d866eef2b3"
"fa51d189-02f1-4b88-b33a-c10442e70c51","http://ogc-act.csiro.au/ipt/resource?r=csiro_sefhes","0a147ef3-8436-44a2-8f06-7820daf54d30"
"ab737464-f691-4b72-aae2-1bb70411468d","http://ogc-act.csiro.au/ipt/resource?r=anmn_nrs_bgc_plankton_phytoplankton_data","ab30baed-1f40-48c4-a37b-ae7cf9d5266f"
"b339f72f-eb69-40c5-b60c-1a37aaffdfb7","https://nzobisipt.niwa.co.nz/resource?r=mbis_nz","5e2c9b3a-9d7c-4871-af8c-144e4f40e9d2"
"6e6e2c56-c255-44b2-a7e6-00ebcb786037","https://ipt.biodiversity.aq/resource?r=sombase_southern_ocean_mollusc_database","2952a69a-c159-4e83-849f-738428d5cea6"
"08a645b0-1947-4168-b628-405cdb8e54fc","http://ogc-act.csiro.au/ipt/resource?r=imas_little_penguins_derwent","438e6744-b15a-4dad-8028-2d08485dff17"
"505417d2-d322-4074-b52f-a45cdd35c399","https://www1.usgs.gov/obis-usa/ipt/resource?r=floridakeysreefvisualcensus1996","7606f22a-2121-4853-b3ab-2e693c6790dd"
"7b32d3ea-a8ad-455c-b1e8-b22a34ca17fd","http://geo.abds.is/ipt/resource?r=arcod_2007p5","0e1d85a0-b480-40c6-a4a1-65193806b424"
"2f6a4224-c273-4cad-bd53-db81f1fbd251","https://www1.usgs.gov/obis-usa/ipt/resource?r=floridakeysreefvisualcensus1994","54ecad6c-0ffe-436b-948b-fbd922c338c7"
"677c2853-1acd-4e9e-8a45-8c65937b81c9","http://ogc-act.csiro.au/ipt/resource?r=csiro_srfme_algal_biomass","2754fff5-18b1-4706-bc8c-a647f08b665b"
"c53a1d63-0ca7-4481-8607-0b2d01f9f99a","http://ogc-act.csiro.au/ipt/resource?r=csiro_fish_survey_1978_1979","e88f8fc3-043a-47fc-8e50-6cb631e5a46d"
"c7243636-85ff-4c99-8b5e-bb0a7dcb9e78","https://www1.usgs.gov/obis-usa/ipt/resource?r=tpwd_harc_sabinelakebagseine_20141030","f46c93f2-123d-4dc3-a06e-b2faecfda2ce"
"6e41986a-678c-498d-ac85-8513dfc952a9","http://geo.abds.is/ipt/resource?r=08_p6zoo","fd61e581-4db6-4fa8-8c27-79e118459f42"
"4293224b-d280-4264-ab19-30ab5f78c826","http://ogc-act.csiro.au/ipt/resource?r=csiro_fish_survey_1980","533f6552-5f60-42b0-a616-af66650d3d91"
"e200c959-d309-4d9f-8cd5-e390bbce17a7","http://ogc-act.csiro.au/ipt/resource?r=nmr_regions_seasnakes","3eba6cae-ac76-457f-a9c7-76bb7ca0e989"
"a6f8db9e-2794-4260-b7f6-66febc029002","http://ipt.vliz.be/eurobis/resource?r=bios_predvodnik_2_trawl_survey_1956_1971","29719761-2d0e-4fef-bfcb-764b20c07d40"
"f7c79248-82fa-4d8e-901c-21ddf84750fc","https://www1.usgs.gov/obis-usa/ipt/resource?r=usgs_southflorida_fian_braunblanquet","8728ca0b-4943-4dd0-8161-b9d820f06221"
"2b7d7abe-dbc7-428d-87bd-0a8c900130a0","http://geo.abds.is/ipt/resource?r=disko_fan","d7688dd5-9cd0-4de7-8873-e76b709ee082"
"00f3beba-a517-4cd5-ab24-575aa52779f9","http://ogc-act.csiro.au/ipt/resource?r=seabirds_anson","9efcb014-623f-48d5-89e4-afabb713a8fe"
"f41e98f0-f234-4888-b54e-b25abfb61ae4","http://geo.abds.is/ipt/resource?r=arc_2007f1","d97d8a15-3b12-4519-92bf-e4cf9e764514"
"a22ce686-0602-406e-a46e-6f7f3ba45cee","http://geo.abds.is/ipt/resource?r=arcod_2006p9","609f3aaf-8aaa-4cdc-9f44-369702e1bc01"
"eb5a052f-428e-4a6d-8058-3785c9356df7","http://geo.abds.is/ipt/resource?r=arctic_2008p7","dad9eb2e-7749-4c99-b6cd-2b161d6419b0"
"6e18e05f-a198-49e2-a59d-edd721f5a677","https://ipt.biodiversidad.co/sibm/resource?r=coleccionzooplanctonmixtamhnmc","5458db14-d1c8-45ac-9bf3-8cc027df3c94"
"5a39f604-b31f-49c1-acb6-e9a4f97e236f","https://www1.usgs.gov/obis-usa/ipt/resource?r=tpwd_harc_texassabinelake_gillnet_20150202","29b43457-5ebc-465c-b275-21a03cb9f148"
"49d1b62c-124a-4854-b878-b83de130eb23","https://nzobisipt.niwa.co.nz/resource?r=ipy_caml","081facf0-b768-41ad-b692-3b30a1bcbb1b"
"8fab72ab-f881-45e2-8930-91dc81c5eaf7","http://ogc-act.csiro.au/ipt/resource?r=csiro_ab_zooplankton","8102988d-73b9-4ee0-8cd5-c73e2378b5d3"
"52ccf89d-12a5-47c3-8b36-e3e9e6212c5b","http://geo.abds.is/ipt/resource?r=arcod_2006p5","6965d9f1-b8ae-46c9-8859-3189fbc1dd14"
"a28d3c22-183e-4e5e-a9ee-38240fcd4241","http://geo.abds.is/ipt/resource?r=arcod_2006p4","1d1f4137-7653-4eac-ab67-7487dae51739"
"159421b6-a764-4af1-9cc3-bc652dbeb12e","https://nzobisipt.niwa.co.nz/resource?r=terranova","f2ab6184-eff7-4069-a9bb-e4f366aeefff"
"dc590428-7a0e-4272-985e-b5ad279a245a","https://ipt.biodiversidad.co/sibm/resource?r=coleccionfitoplanctonmixtomhnmc","6a9fa73b-bc65-49ed-be8a-30955b0ef679"
"544ffde0-fa23-4185-8a05-eac1d48edbe2","http://geo.abds.is/ipt/resource?r=arcod_2006b3","6fddae5d-1ecf-4818-8a80-c56cf2494b4f"
"e9266958-784b-4d88-ac36-a1a59d215692","http://ogc-act.csiro.au/ipt/resource?r=csiro_shark_tagging_1947_1956","95e5bfce-0e65-4f60-aecf-e78b9a830449"
"19731138-8d42-44df-a06a-d99919ffb620","http://ipt.vliz.be/eurobis/resource?r=intertid_biodiv_beaches_portugal_2005_2010","484ba7d4-531e-4dc4-bc52-99a8c363fdcd"
"2d60dbdc-e801-4c66-991e-d484e8b08227","https://www1.usgs.gov/obis-usa/ipt/resource?r=ambon_fish_hauls_2015","79d089b3-cb21-4d81-924b-f1997dec5988"
"44513b57-0963-4668-a2ff-5f55c90fbc1b","http://geo.abds.is/ipt/resource?r=arcod_2007p4","11e43d34-3a92-4ed0-b735-6cb56a3169ca"
"cc7481dc-a015-46e7-98b6-2ad7374886e6","http://ogc-act.csiro.au/ipt/resource?r=csiro_orange_roughy_1987_1990","b88664ca-8b02-46c4-a6b8-80ba371e164c"
"16434578-ebf7-4bcc-a776-508ffece76de","https://www1.usgs.gov/obis-usa/ipt/resource?r=usgs_nas_nonfish","6da969ce-0833-4bb6-a4e6-5013a50eefef"
"44d02422-9ead-4392-8e0b-39aaefe2ce01","http://geo.abds.is/ipt/resource?r=arcod_2006p3","52855660-ce87-4312-9538-fefde37134b6"
"67b8bd72-5e38-43cd-90ef-46c9ee43cbde","http://ipt.vliz.be/eurobis/resource?r=macroben_redit1","36e71fad-810e-4eb2-8f4f-fa7eda4ed5c6"
"930000f4-81ef-421b-8884-042abdf8fbc8","http://ogc-act.csiro.au/ipt/resource?r=csiro_wa_2005","51c51934-43f1-467c-b1b5-2e1c48fdd51b"
"acb3f792-0f33-42e1-a2a8-28eb681e8cdb","http://geo.abds.is/ipt/resource?r=arc_2008b4","a9b4672d-3772-4428-a923-42e0b6e04a45"
"5ba8b2e3-d1c4-4adb-8803-36b223624ccf","http://ogc-act.csiro.au/ipt/resource?r=csiro_ab_fish","c2295938-45f9-473f-bfcc-453dfc590acf"
"6a2c5c17-40cf-444f-8fda-c78fa257116f","http://ogc-act.csiro.au/ipt/resource?r=acef_marine_turtle_nests","71e33e4e-3579-48be-bc68-996e67571072"
"f1cc24f4-7afa-49de-ab9f-0518483a6167","http://ipt.vliz.be/eurobis/resource?r=monitoring_porto_2006_2008","62e90e63-932a-4664-b0c6-5c08555fa3ca"
"3a3c43f9-eff5-47f2-ab9a-967f09a5d70d","https://www1.usgs.gov/obis-usa/ipt/resource?r=usgs_southflorida_fian_harvest_20150129","cc09f619-bd73-4e5d-8e4d-95e994f87246"
"c5b1eba6-ac0d-4a72-a6d6-580aac693cb1","http://ogc-act.csiro.au/ipt/resource?r=aodn_nt_sattag_hawksbill_gps_location_data","dab5a4c8-2dd8-48cc-8960-4be487d8995a"
"aefdfcac-74b8-42ac-88c6-ae67133ee4f3","http://geo.abds.is/ipt/resource?r=arcod_2008p10","c988d44d-e992-4653-be46-124cefa0d314"
"2a93fe93-2fdc-41b3-b36a-5deb261c02db","http://ogc-act.csiro.au/ipt/resource?r=imas_zooplankton_sampling","4a1fb401-3186-4e60-bbd4-f61de71a0c76"
"0e1f23cf-d2de-4adf-9a87-96e6a949fee3","http://ogc-act.csiro.au/ipt/resource?r=csiro_eac_eddy_1978_1984","d34738d4-f096-4781-8156-14e782a2ee1e"
"379ee987-c496-4246-8f77-62e53668f7ad","http://ogc-act.csiro.au/ipt/resource?r=rottnest_birds","d0c7a825-fbcc-4ca3-8afd-178f4c458ebf"
"d32266b4-d98d-4eed-8207-57dff1f14cc4","https://www1.usgs.gov/obis-usa/ipt/resource?r=sbclter_dwc_kelpforest_reeffishabundance","1683e434-321c-4b55-a5b0-6e05eb6d931f"
"4fd95328-42c6-44cb-9347-64282f4946d5","http://ogc-act.csiro.au/ipt/resource?r=csiro_norfanz_2003","b6162578-e753-40b4-bd69-0658221aee4c"
"fd1d4384-f317-47ee-aa8c-c20347bae849","http://geo.abds.is/ipt/resource?r=arcod_2006b1","0491f582-2bb3-4787-9324-05f1a77f20b7"
"1b92d97a-3a1d-4bbf-9304-c56ba34ea041","http://geo.abds.is/ipt/resource?r=arcod_2007p1","6a31497b-234c-4d24-a3aa-e56d8655f57b"
"69a06619-6cb4-4c8a-8bb2-41f88c5669a1","https://www1.usgs.gov/obis-usa/ipt/resource?r=ambon_seabirds_2015","d021ed3a-7179-4f25-bfd3-90d72cc6fd38"
"e13f0a51-f810-45d6-9503-64ecd7bedd70","https://nzobisipt.niwa.co.nz/resource?r=mbis_caml","03e5566b-7802-45cc-a1be-bac840e2a133"
"967f706a-292c-487a-a4bd-d477ff5efeaa","http://ogc-act.csiro.au/ipt/resource?r=jcu_gbr_reef_shark_nursery","ac9ccbe6-263f-41a8-a865-7979712bb2b4"
"b3bdb08f-0f29-4a81-b85e-90e114a8fda6","https://ipt.biodiversity.aq/resource?r=rbins_joiris_2013_ps81_birds_mammals","0e8b0e10-1680-4d71-ae93-f61bd7933b1d"
"2e407266-3eab-4d5e-94b6-a759c142d0ff","http://ipt.medobis.eu/resource?r=saronicos_1980","1fe2ac17-e8b3-4cd2-a2b7-b3490b569579"
"af895fc1-6a78-4e40-b4ba-29e733ed83a6","http://geo.abds.is/ipt/resource?r=arcod_2009p1","6efce688-77a7-4d7b-a35f-d777d4dd8023"
"fe40f69a-3539-48b8-9836-4ccb91a89e56","http://ogc-act.csiro.au/ipt/resource?r=aodn_nt_sattag_oliveridley_location_data","e9493ed6-55ba-43e8-bcda-fef47ba441e3"
"598902d8-e0f8-4391-8323-69c4257e048f","http://geo.abds.is/ipt/resource?r=arcod_2007b2","e2cde7e3-0b90-40ea-93ad-de06e6ed3a3c"
"51e93be3-9850-4fbb-9a07-88813527e942","http://geo.abds.is/ipt/resource?r=arcod_2009p3","82cf41bc-5aa5-4c9c-b86f-845bf591d002"
"143e83d6-a818-4ac4-9909-146009f0fd0d","http://ipt.vliz.be/eurobis/resource?r=hvar_trawl_survey_1948_1949","ffc954a1-37af-4e01-a27b-2b4eb962b8d6"
"e3d70328-6875-4fe9-b186-32a5fdd2a18b","http://ipt.vliz.be/eurobis/resource?r=bios_predvodnik_1_trawl_survey_1957_1958","0e267af5-9724-40f1-9d55-67477b8d1e6c"
"a5aa7f04-bc65-4921-9058-c02dea97c0da","https://www1.usgs.gov/obis-usa/ipt/resource?r=usgs_stcroix_marinefishes_20150129","8fc950e3-53c4-4fad-a9b0-1b13b31bd87b"
"2cad5558-adfe-48b8-806f-318d2ae20517","http://ogc-act.csiro.au/ipt/resource?r=csiro_arafura_1984_1985","b5267bb3-217b-49a1-b9c9-9024cdad2666"
"63b89c1d-5413-43a7-903d-93b510da3447","http://ogc-act.csiro.au/ipt/resource?r=imas_phytoplankton_sampling","52faffcb-cc8d-42d1-b6a0-2d0cb3fc5efa"
"3ea2f318-e018-4c0d-bb35-52ebb61a7f21","http://ipt.vliz.be/eurobis/resource?r=tidal_and_diurnal_rhythms_hyperbenthos_vlakte_van_de_raan_14_october_1996","c19a2731-65c5-4f62-87d0-afbf49d1c7ce"
"75da81ec-cdd9-4bbc-aaeb-c499df50fe68","http://ipt.iobis.org/esp-obis/resource?r=copepodoschile","5934563f-c28e-408a-9cbb-0b1cfaf9de35"
"3dbbeff2-2801-411f-80e5-438222f1aaa4","http://geo.abds.is/ipt/resource?r=arc_2008b2","bffa8458-36d3-4580-b446-7ac281a4785f"
"9467d03f-f291-4a59-94ec-754b3814043f","https://ipt.biodiversity.aq/resource?r=baso_nematoda","5d763aa6-4c97-4790-a609-a714b6451384"
"5a3324ed-aed7-46fd-abf0-9920f8add611","https://nzobisipt.niwa.co.nz/resource?r=mbis_whiteshark","d55a864e-6259-4981-83f8-7941c0c3c118"
"ad96e7c9-c136-4fa6-ac1c-5c15b328c1b5","http://geo.abds.is/ipt/resource?r=09_b1zoo","f2fefe8b-58fa-4b2e-9ddd-756664b5ddd3"
"29ca1325-35dd-4b6d-98b6-e1c6aac45011","https://www1.usgs.gov/obis-usa/ipt/resource?r=noaa_coralreefmonitoring_lpipercentcover","c684b43a-0147-459b-ae97-0e3d9757fb92"
"723bda06-7421-4669-b25c-3f4f4b9bec78","http://ogc-act.csiro.au/ipt/resource?r=csiro_ss200702","6affc398-dfcb-4ac1-86a1-d8b9566e2dac"
"779da843-9e8f-41e9-bae3-e8c2ba582530","http://ipt.vliz.be/eurobis/resource?r=deepsea_bivalvia","0044f3b8-8305-47c6-b96d-a351a94ace74"
"d18d8386-a08a-4459-98f1-c95220847bed","http://ogc-act.csiro.au/ipt/resource?r=imos_nrs_picoplankton","43db9130-be5c-4d4c-a727-0709379a3fcb"
"e3b7d014-2ea6-44a4-ab17-19da017db40f","http://ipt.vliz.be/eurobis/resource?r=pipeta_1_trawl_survey_1982_benthos","603e2671-2e7f-4173-a887-26feef188096"
"21a5ac4d-0df1-4e15-93ad-5fe7c65439b4","https://ipt.biodiversidad.co/sibm/resource?r=cittariumpica_mugilliza_mincilis_lutjanussynagris_umag","3e692f0a-885e-4e5b-b080-36f658978252"
"38e5dd79-5e2a-40aa-8638-7b72c8acbbae","http://geo.abds.is/ipt/resource?r=arcod_2006p1","8ec254cc-7da8-4055-b3f0-ded781a43522"
"5e2c6a71-6a29-47a4-b67f-7faa7ff7218c","http://ogc-act.csiro.au/ipt/resource?r=wam_ningaloo_miz","46adbad7-187a-41e9-816f-b1e607aa275f"
"a3e8280e-fc7d-495d-9b76-ded6e8943300","http://ogc-act.csiro.au/ipt/resource?r=imos_aatams_shearwaters","56572b2e-64b3-489b-b4b8-e07f810e9491"
"a0c77508-4641-43f2-b194-cab3386d9e02","https://ipt.biodiversidad.co/sibm/resource?r=moam_260_macroinvertebrados","4d3215ae-45aa-4391-9bac-599ead810450"
"7eee0f1c-5afc-4135-94df-f3ecb169fa38","https://www1.usgs.gov/obis-usa/ipt/resource?r=ambon_seabirds_2017","b6e61b53-a471-4e5a-8378-6920a5a0275d"
"d79dbddb-aee1-4e33-82ef-58004f6603d7","https://ipt.biodiversidad.co/sibm/resource?r=coleccioncnidariamhnmc","cef7b557-11d6-484b-83df-73fc1c21a9e4"
"cd42b44b-2560-450d-88e7-70b5778d0194","http://geo.abds.is/ipt/resource?r=arcod_2009p5","40a08be7-0642-4129-b12a-51d547dc2a74"
"4bdc1f6f-e16a-48b4-b995-b51bd41caa8d","http://ipt.vliz.be/eurobis/resource?r=ewing_valdivia_bank","c3fa13f7-14bd-4f14-9bd5-4f959860f63b"
"a79db66d-fa41-4a75-8e43-c131050b6df4","http://ogc-act.csiro.au/ipt/resource?r=birdlife_longline","4b614564-e5f4-4d36-82b2-4a621d26b9a7"
"392bc81f-4a51-429e-93d2-be78799fdd82","http://geo.abds.is/ipt/resource?r=arcod_2006b4","40ee219d-ab5f-4917-9c7a-6137dba77b05"
"51078b37-d4a9-4a1d-9c94-92ee60299a3d","http://geo.abds.is/ipt/resource?r=arcod_2009b2","4aeef7f2-a35b-405e-bcc6-7024a251ddab"
"b6ec1b5a-0cd3-4469-bf41-e68685ef0a54","https://www1.usgs.gov/obis-usa/ipt/resource?r=mbenthos_penobscotbay","929eb10b-732f-4247-b899-4e3e5681cb4b"
"f378dbb6-0513-4a1b-81fb-075a985fef97","http://ogc-act.csiro.au/ipt/resource?r=aims_creefs_ningaloo","bed01630-5697-4965-94b1-e1d1ebdcbec9"
"d613e932-1d8e-4fc1-b596-95d3f980ebdb","https://ipt.biodiversity.aq/resource?r=antarctic_peninsula_lichens","a2e308bf-e9ec-4651-906e-956c963df0ca"
"140dcbab-d94c-48d5-94aa-221190cfbbb9","http://geo.abds.is/ipt/resource?r=barents_2006p7","0a1b70f1-ea1e-405d-aa4e-4142888bd8d3"
"cdfb6d8d-14d1-4232-aace-35ba00ff9e12","http://ogc-act.csiro.au/ipt/resource?r=csiro_ss200001","c83a2438-0703-47fa-8b95-17d84e8c762f"
"17a7d690-e05d-4054-bb61-77bb3f26ba0a","http://ogc-act.csiro.au/ipt/resource?r=aims_creefs_lizard","f2d200d5-914c-408f-821a-9ba0001465af"
"99540296-ee30-4a08-a607-c3521a1036db","http://ogc-act.csiro.au/ipt/resource?r=aims_nwc_copepods","23fa1c7a-1f3e-45c7-9997-cb718f8975b6"
"2a0ff5bb-4cd8-42eb-a838-dbdf4a08ea5b","http://ipt.vliz.be/eurobis/resource?r=plymouth","2f0949ed-75b5-4f87-9f4a-d9334e626cc7"
"afef5da2-614b-4208-aee6-c2413ed5ab76","https://www1.usgs.gov/obis-usa/ipt/resource?r=sfmbon_zooplankton","ec0d2fe8-21b1-4ab1-8b91-67873e8ca912"
"704d7278-2647-436d-9bd0-8913a1d189cb","http://geo.abds.is/ipt/resource?r=arcod_2006p2","d888b684-3c55-44cd-b7d1-253d8cad1ca7"
"573ef83d-6014-405c-b421-7c09505b179a","https://ipt.biodiversidad.co/sibm/resource?r=fito_serranilla","1acafd29-11ba-47c3-a84a-8ad7cb6e42b9"
"d1b61ade-eb7f-437d-ada1-1cf2298ef4e9","http://ogc-act.csiro.au/ipt/resource?r=csiro_ss200507","5c9c727b-a04e-430c-9264-01050bee76ea"
"62658cbe-5420-4c6f-91cd-0acb6d8bc03a","http://ogc-act.csiro.au/ipt/resource?r=csiro_ss199701","59df094c-e61d-4cc4-a779-970fab936dba"
"2c8cc767-4ec9-49bd-814f-0e275f09b3c4","https://ipt.biodiversidad.co/sibm/resource?r=albuquerque2018_bi","d002c155-3025-4a2e-8843-fcefa96e2802"
"e77f1b7f-aa81-4e0c-8e88-8ac436453d7f","http://ogc-act.csiro.au/ipt/resource?r=csiro_ss199101","8b70ab8e-c0d3-464b-8ce5-3f8d29470aca"
"7ece3f71-6bae-4cc4-8619-d560a564f187","http://ipt.iobis.org/mbon/resource?r=arraialcabodata","f0882781-3601-4bdb-afa7-0a32ee9b9f32"
"9ca744d9-60a9-4c15-a850-4bd03a8d3c1b","http://ipt.vliz.be/eurobis/resource?r=kielbay70","ef5c63cc-ed75-47b2-a6fd-60969f4fad07"
"22b21edc-6d6c-4d45-846f-27887469f0d3","https://www1.usgs.gov/obis-usa/ipt/resource?r=marinegeo_reeflifesurvey","11348e7a-b7ce-44ce-8112-1b18828f029d"
"a003e72f-d8e5-4d94-9aed-4bc50862c4ad","http://ogc-act.csiro.au/ipt/resource?r=csiro_tt200801","b25c3e4d-4742-4d1a-a8cb-4b7648bace74"
"d6fcd171-ee34-4fba-b03f-78290accb814","http://geo.abds.is/ipt/resource?r=arc_2008b8","628e212b-2b41-421e-a4f6-db929356c743"
"85194a3f-bbfa-4fde-80a1-95c6cbdabbca","http://ogc-act.csiro.au/ipt/resource?r=csiro_jack_mackeral_1975_1978","7707d56d-ae12-442a-8481-5e72eec64621"
"8a804e2d-e92f-4e1e-880c-98ffcf16dc01","http://ipt.vliz.be/eurobis/resource?r=pipeta_2_trawl_survey_1988_1991","0ce14307-45a5-4b4f-af50-8e63311ea9ab"
"f5b4e810-ebf4-4d8d-8f9a-f771c6197c59","http://ogc-act.csiro.au/ipt/resource?r=in2017_v02_wov","99baccb4-c358-4abe-b2a7-262a2074157f"
"33b5f094-38b0-4ad2-82d8-1e57f9bc291c","https://nzobisipt.niwa.co.nz/resource?r=tan0602","ee069354-4c2f-4ace-ae26-86243fc0592a"
"f9ad999f-6460-404f-a594-189bafe3b52d","https://www1.usgs.gov/obis-usa/ipt/resource?r=boem_alaska_2008","2b87bd63-7431-4ba1-a728-4821d20e282e"
"46e3d7b1-12a6-4386-965a-85d1daf68e20","http://ipt.vliz.be/eurobis/resource?r=phytoplankton_and_environmental_study_in_the_southern_north_sea_between_1974_and_1978","197da145-4985-4ff4-81e2-0701a1c47afa"
"b4a5e409-bedd-43a2-835a-b7e374557791","http://ogc-act.csiro.au/ipt/resource?r=aims_creefs_heron","49438828-232f-4ea2-84a9-e8e8ba11f7d7"
"519415ab-badf-4c36-a0da-1d007beebbf0","http://geo.abds.is/ipt/resource?r=cbird_monitoringplan_a2","5a12d9c3-9465-4107-bb39-2cb451e6cef6"
"ff262d96-c716-4ef8-a651-4898972e82c6","https://nzobisipt.niwa.co.nz/resource?r=mbiscoralline_algae","8ec73638-2c0b-45b1-a399-be159f3799dc"
"88a47778-0926-4dd3-918c-4def981f6022","https://ipt.biodiversity.aq/resource?r=rotifera_database","b109fc97-b7b8-4432-a89a-5eaaadeee431"
"a71b7b9f-5e64-42cb-9acd-af86c507bc20","http://ipt.iobis.org/obis-malaysia/resource?r=rrccollection","3096645c-ac8c-4ef0-b7de-028f22511060"
"01514497-a295-4e42-a441-4215a162cd05","http://ogc-act.csiro.au/ipt/resource?r=wam_ningaloo_crustacea","2ab285bd-1e2c-4e93-b321-ef1c5160730f"
"d97d80fe-773a-4891-8179-47f346456783","http://geo.abds.is/ipt/resource?r=arcod_2007p3","efa4152c-0765-41a2-a2f4-823cf4d924a0"
"d1c53013-998f-4ee1-8664-7b0d25a2fb8b","https://nzobisipt.niwa.co.nz/resource?r=rhodolithhabitats","36ae4600-17b1-437c-bdc5-7a3c98b1bff4"
"7cacae49-e435-449e-82ae-9a45f48821ca","http://geo.abds.is/ipt/resource?r=chukchi_2009p2","868b5ca1-bb27-4d6f-b243-37ad77486a68"
"f0f0e6fd-5bdc-45cd-a3b0-1b65bb225b35","https://ipt.biodiversidad.co/sibm/resource?r=stratos_foram_seaflower_2018","9805e163-aae9-4489-9af3-5bfadaa65de2"
"1d7b68ff-72ec-4a3a-b8e5-0e369c9696a3","http://geo.abds.is/ipt/resource?r=arcod_2007b4","8e6636ad-0b6a-426a-9515-985288f558ba"
"926c3278-ca1a-495b-80d0-fbf494f54699","https://www1.usgs.gov/obis-usa/ipt/resource?r=stable_isotopes_in_gom_seep_fauna","57b44b1c-d9c9-40fb-89db-04f30f091f88"
"8a361a70-efcc-4eef-969e-d5049c026861","https://ipt.biodiversidad.co/sibm/resource?r=biodiversidad_ictica_isla_cayo_serranilla_expedicionseaflower2017_proyecto_colombiabio","8e4e5830-2f87-47d7-a265-3411f172a640"
"8af952a7-fbfc-45ea-990d-87ee0a34a804","http://ogc-act.csiro.au/ipt/resource?r=wam_ningaloo_mollusca","b5e6a82a-7781-497b-b2aa-118b8890c3fa"
"6e930622-4421-41f8-b18b-f8d11dd51e15","https://www1.usgs.gov/obis-usa/ipt/resource?r=ambon_pinnipeds_2015","07be324e-bcf5-4e83-b9cc-dc2a962fba30"
"f6b3560e-98f1-48c6-902f-67c141d802f4","http://ipt.vliz.be/eurobis/resource?r=deepsea_asteroidea","53a911cf-d038-4f6f-a8a2-1b082a1bc781"
"96f4a5d3-3e3a-4ccb-8343-b1db99074b1f","https://ipt.biodiversity.aq/resource?r=ddu_isotopes_verso_2013_2015","90f2713a-79ac-4d96-9a66-889a5fb9abb1"
"f61bc691-aed3-4de7-ae19-94e10d304667","https://nzobisipt.niwa.co.nz/resource?r=mbis_tae","8cd0f2da-8ffd-47d1-8920-8557a3658e4d"
"6856003b-1899-4a92-be6d-7a8052af5691","https://ipt.biodiversity.aq/resource?r=amundsenseamolluscs_biopearl_ii","89df1c06-1f0f-432a-bae7-c495837317c6"
"17493494-2170-4e2d-bc37-d1c7334c6521","http://geo.abds.is/ipt/resource?r=me2008g","47bfdc62-3b00-448d-989d-548c2ce848bd"
"62fddab8-521b-42b4-b9fe-c0f0f3e2bd58","https://nzobisipt.niwa.co.nz/resource?r=niwacorals","5f02ffba-6104-44a9-9ef0-d4cae2c585f6"
"2efab3d2-83a8-49a4-bd2d-025434e9df90","http://geo.abds.is/ipt/resource?r=arcod_2009i1","c43c9a53-df36-410d-93b6-8977bd7f4068"
"7a673089-50f3-4e17-9ad2-8493d261d84c","https://ipt.biodiversidad.co/sibm/resource?r=sap_caracol-pala_seaflower_2016","d446dd32-a42b-4f52-8c5f-62149b81a268"
"e64fd081-4b4f-4883-bdfb-10f829816c36","http://ogc-act.csiro.au/ipt/resource?r=csiro_anacc","9419c0b3-4c23-40de-b96d-c4e55a23975e"
"e5272499-c343-4794-89e0-e78bd2f5367d","http://ogc-act.csiro.au/ipt/resource?r=in2017_t01_wov","d1b99d30-ca95-4c1e-8acf-47d4059941c5"
"0c6cfb29-bd4c-4089-98e8-015ec57626c8","http://ipt.vliz.be/eurobis/resource?r=hornsund","b5e4bc1b-ec14-4ff1-8eef-9c15ab6a7b75"
"e1596349-f981-4d71-9ab6-1c3e364f668a","http://ogc-act.csiro.au/ipt/resource?r=imas_urchins","dce0d7ca-50b5-4d61-9a0f-dad4b55fb94d"
"5700fdc3-956f-4e33-903b-e66ba38d980c","http://ipt.iobis.org/mbon/resource?r=yucatan_sandybeach2018","36094b2b-bd50-4c6d-af52-264a155fc76f"
"a7e4c440-295f-4fc6-bd95-ddec607d2751","http://ogc-act.csiro.au/ipt/resource?r=csiro_handfish","87f387c3-cebd-43dc-9f88-c0ffab09766f"
"828e9105-c042-4848-adbc-69b977d10657","http://ogc-act.csiro.au/ipt/resource?r=mu_euphausiid","2eb32bde-d5a9-433d-8c68-40fe0813938e"
"34370444-238d-4908-9ffb-73d98e2057b0","http://geo.abds.is/ipt/resource?r=arc_2009b4","ddf006f2-5c76-47d5-9180-4a52d8d5d4e0"
"53172248-5301-426f-9000-b94636ccce0b","http://geo.abds.is/ipt/resource?r=arcod_2006b7","771ca2ae-f336-495f-8a11-b700c0118454"
"b32f881e-71c1-4b93-9263-54c28f2a4114","http://ipt.vliz.be/eurobis/resource?r=deepsea_ascidiacea","64c7444f-e982-492c-aa57-560f9b5bb53d"
"d8c02629-1336-4080-a8a9-f82922b3e398","http://ipt.vliz.be/eurobis/resource?r=santi_medici_giannetto_trawl_survey_1972_1975_1981","ff2728bc-4c4f-4ec5-9c42-8f440859d804"
"1d8fb994-64af-4a57-abe2-19573cc91f85","http://ipt.iobis.org/mbon/resource?r=puertomadrynsandybeach","8fc75df8-38c7-4744-aa97-f199a0df753f"
"127b85e6-bedd-47cb-97f0-fb0f0348b83a","http://ogc-act.csiro.au/ipt/resource?r=aims_darwinharbour_copepods","c23f8085-b3e9-4741-a620-b4997dbb4b25"
"732d4a94-cce1-4cdf-a73a-db2e72a25d27","http://ipt.iobis.org/esp-obis/resource?r=zooplankton","cefd283f-acf1-4da1-a46a-b5079925a6e8"
"e4a2fe06-f082-4f36-9165-73263a121508","http://ipt.iobis.org/mbon/resource?r=mbon_rs_chile","1721ed9b-a664-4756-ba19-07d471abcf62"
"efe02bea-8a90-48f2-bb6b-d65141295d1d","http://geo.abds.is/ipt/resource?r=barents_2006p6","4b07e08f-3be0-4a5c-ae7d-e450e6a7a1fb"
"e34900cf-712b-4098-b846-c7cf19628d38","http://geo.abds.is/ipt/resource?r=arcod_2009p4","e7e82c33-d94f-4b20-a2f9-19bce518e571"
"16f543b9-df51-4164-970e-aafb8878fbce","http://geo.abds.is/ipt/resource?r=arcod_2007p7","177d1017-a295-481e-9b02-27391288c5e0"
"e869e06b-df12-491c-b49f-c77c4daa857c","https://ipt.biodiversidad.co/sibm/resource?r=javeriana_corales_seaflower_2018","9e87656d-d76c-4ab0-8222-8666c349650c"
"aaa7c282-5909-4055-845c-026b0db8b86f","http://geo.abds.is/ipt/resource?r=arcod_2006b8","2a096847-3148-4a09-a47c-ee42f573ae75"
"1354df98-e4a9-4597-910c-85ac27052ae7","https://ipt.biodiversity.aq/resource?r=heterotrophic_bacterial_isolates_in_antarctica_microbial_mats","74277118-41a6-4e2b-bfe3-4d002cca369f"
"ae3a986e-4df9-4e95-a46d-596d3c02a1a9","http://ipt.vliz.be/eurobis/resource?r=vliz_expeditiondata","9a546219-a51e-446d-8ed9-b356df938fed"
"05bde978-ec4c-419b-92cf-94e267e750ad","http://geo.abds.is/ipt/resource?r=arcod_2006p8","28b321a4-8ca4-4535-97e3-3f96562af979"
"276b09b1-0e57-4128-a8b1-c15998da3081","http://ipt.vliz.be/eurobis/resource?r=biofun2009","266628c1-56a0-46cb-b136-3b77dbc32268"
"bcbabc5e-a0b9-4ddd-9e0e-dd99f01edefc","https://ipt.biodiversity.aq/resource?r=mna_italian_antarctic_bacteria_culture_collection","f7034999-7c7a-45f3-ab30-5f6d1f0e6a64"
"f09349a2-4c84-4a8b-8c06-a6f3f5f5da19","http://ogc-act.csiro.au/ipt/resource?r=aims_gbrl_copepods","e1480c09-abba-450f-a251-e7f298c9ef0c"
"b10beac2-4d29-426a-8954-22a2481d932c","https://www1.usgs.gov/obis-usa/ipt/resource?r=usgs_asc_polarbearmaternaldens_20150129","a28eb0fc-73f3-471e-b927-cc58f576c9e0"
"e39be6ef-3c91-4e97-baee-2b23ea59808e","https://ipt.biodiversidad.co/sibm/resource?r=unal_algas-coral_seaflower_2018","7fe5d3bf-ae8d-4388-a31c-1fe98d20fef3"
"28e4230a-cfca-47f1-a530-4f1179307336","http://ogc-act.csiro.au/ipt/resource?r=aims_wa_octocorals","617b1622-e700-49f7-8747-482231d23d38"
"793a1379-9d03-4349-9b0a-4d9de0b10dbb","http://ogc-act.csiro.au/ipt/resource?r=nesp_grey_nurse_tissue_samples","84424664-1c22-48da-83ee-6ad3460229e0"
"132078ef-176b-4825-b5d3-2a7592ed913e","http://ogc-act.csiro.au/ipt/resource?r=aims_palau_octocorals","a5ceb80a-02ac-4904-b182-6e0bd3cd9fa9"
"7cd87ad7-b7fb-45f5-b7b9-5c6d4187067a","https://ipt.biodiversity.aq/resource?r=mna_antarctic_ophiuroidea","13077229-dd4e-49eb-9899-3e34f67ac984"
"871e92ab-2a00-4851-b948-cb6dda862f9c","http://ipt.iobis.org/mbon/resource?r=rockycolombia","0ba6c967-5244-4507-bfb5-ecc9f36729d6"
"6495ab12-003e-4b62-a13a-45c9ab5e3811","http://ogc-act.csiro.au/ipt/resource?r=in2016_t02_wov","68733b96-0244-495c-af7e-1c8d6a4a8dd3"
"036dc775-c4d6-4d31-8bfe-2ca66d298b95","http://ipt.vliz.be/eurobis/resource?r=mesozooplankton_scheldt_1995-1996","21537d4b-c5cb-46f2-ad1e-3247ade79cc4"
"7cfdade7-d4c1-4b41-8fce-5cc5e7b41cd3","http://ogc-act.csiro.au/ipt/resource?r=aims_png_octocorals","b7c6fac5-7677-4dd9-be3c-b9838605ff70"
"a2e29f6c-4978-438f-8cc4-f6ea98b34141","https://www1.usgs.gov/obis-usa/ipt/resource?r=ambon_mammals_2017","bcaf91ed-a49f-4e34-8a20-fe8457986921"
"dcf57651-a262-47db-b934-78a08b76e28f","https://nzobisipt.niwa.co.nz/resource?r=mayorisfishes","48374879-e066-4ff0-8b8e-c7c56d53926b"
"b67743ff-e8ee-4374-87bc-3423d923941d","http://ipt.vliz.be/eurobis/resource?r=leidenberger_md","bec95074-2220-4c3c-92ed-5ce729bd4307"
"22efe5f4-e7e0-468e-b7bb-296f393d89f8","http://ipt.vliz.be/eurobis/resource?r=influence_of_light_on_the_fixation_of_ostrea_edulis_and_crepidula_fornicata_on_oyster_collectors_in_1964","df2a965e-48b6-4309-9c6d-8cb50237001c"
"1dcf7423-605a-4e1e-ae02-cc7bc419d18d","http://ipt.iobis.org/esp-obis/resource?r=fishoccurrence_ismaelkong","cb811b65-8593-43d4-9ef7-699c4c40b50f"
"e70adc9f-c4f3-4685-a5f7-5ba8e4a6da14","http://ipt.vliz.be/eurobis/resource?r=echinodermata_of_montenegro","fd5f9044-c95c-4e47-b3d1-8dbc34cc941a"
"a0aab0e0-797c-4186-b184-804dc79ed934","http://ogc-act.csiro.au/ipt/resource?r=csiro_griffiths_pelagic_fish","41eb63f5-9a19-4f2c-8bf3-a1247e6b6c69"
"b9fa920c-5fbd-4d75-b004-cc9cc577b7e4","http://geo.abds.is/ipt/resource?r=arcod_2007i2","45af7bce-7df9-446c-8ccc-0ae1c750a335"
"711fa750-5e61-4b3c-a8f1-e5bfd20e47cc","http://ogc-act.csiro.au/ipt/resource?r=acef_nt_seabirds","141682ad-290d-42c1-936d-0a7209147b1c"
"3fa82408-cc6e-42ea-a587-a0b9bb5da879","http://ogc-act.csiro.au/ipt/resource?r=csiro_ss199402","46881d90-bf4d-49f4-bbb5-a1af323e00d3"
"ad84df91-addc-47a5-a591-ed4b6b6d9c07","http://ogc-act.csiro.au/ipt/resource?r=aims_torres_octocorals","75f417f6-f642-421d-9dac-943dd3a78088"
"22f8ef00-82e2-492a-a542-0b012f7d9760","https://ipt.biodiversity.aq/resource?r=mna_antarctic_bryozoa","6899818d-a6f5-4a18-81d2-047d84ee28b8"
"7694fdc5-fd4e-4106-ad20-edc046cc8618","http://ipt.iobis.org/esp-obis/resource?r=copepodaecuadoreasternpacific","f2654dba-a152-4731-807c-4c90b75ced00"
"739c0486-3adf-4e88-9f8d-f0b48ea9b5ad","http://geo.abds.is/ipt/resource?r=arcod_2006b2","9bfd4499-050e-41b7-93a8-72d9e2490e21"
"8bf9890c-58a5-4aef-a34f-dafa6fe407e3","http://ipt.vliz.be/eurobis/resource?r=deepsea_echinoidea","8294e09b-b09e-44da-8264-f77bdd3ac6f6"
"3f980ed3-99d1-45b8-a8b8-923c8ac8bf82","https://nzobisipt.niwa.co.nz/resource?r=balleny_marcoalgae","0d862dd2-12af-4445-92c9-d81d76598b19"
"2a43607f-6110-45d8-a30a-15837a9d9b1a","http://ipt.vliz.be/eurobis/resource?r=turbellaria_mudflats_zwin_1983-1984","19fb027b-710b-4f56-858f-d04a13275f2a"
"f4870a35-b4b5-4cdd-b665-8b7b2d7fc245","https://ipt.biodiversidad.co/sibm/resource?r=unal_anemonas_seaflower_2018","10a06925-bd04-4f18-afe4-23be410c10c1"
"5c389fdc-2764-469d-af92-a14bfb6de4f9","http://geo.abds.is/ipt/resource?r=arcod_2007b5","8235c206-82a0-460f-aa10-503071b1785f"
"9d13b1ca-1796-4246-ac81-ca6e4daa2d70","http://ogc-act.csiro.au/ipt/resource?r=nmr_regions_sawfish","ff2ce83d-c987-4ba0-83bc-9eb29d7fe780"
"cd23a389-b511-4bba-8da8-e26d3d00cb0e","https://nzobisipt.niwa.co.nz/resource?r=hs51marinemammalobs","8a756d0f-ed04-4855-bb67-e421e06ef2e9"
"cd23a389-b511-4bba-8da8-e26d3d00cb0e","https://nzobisipt.niwa.co.nz/resource?r=hs51marinemammalobs","44839329-fa4d-468d-9da0-39739a2d0b63"
"dae283ff-1835-465c-b058-fa6417d0ff2d","http://ipt.iobis.org/mbon/resource?r=fernandonoronhadata","78c7ec59-a9ae-4b1c-ac6f-8d3ff712e4a1"
"0c3aa272-b571-4d3a-b3c1-895988b1dcb7","http://ipt.vliz.be/eurobis/resource?r=kongsfjorden","322f41ce-1e12-494a-98ea-af94241b09ed"
"2f6e3dbd-64b0-4371-9a67-6e98305a32e0","http://geo.abds.is/ipt/resource?r=arc_2009b5","78fb84f9-b5e1-4067-a1b1-730aca8c1bdc"
"ec28374c-a11d-4bb9-89a1-7189127f4fd8","http://geo.abds.is/ipt/resource?r=zoo_bs10","968dbe0f-a8a0-498f-816a-cb5b4b5c041b"
"1ed1afd0-221b-4e75-91a0-6447e44b0d2e","http://ipt.vliz.be/eurobis/resource?r=deepsea_aplacophora","6ab7c956-21c6-4dc1-a155-e1b22f2f419b"
"183b784c-a1ec-4eea-8bc5-67c93c4f21f6","https://ipt.biodiversity.aq/resource?r=baso_hydrozoa","57b23628-702b-4ac8-b400-1039f7549792"
"76eed81e-c212-4336-8913-6d2eb08dca41","http://geo.abds.is/ipt/resource?r=barents_2008b5","c684e21e-eed5-4c0b-9d5e-028c08d9d893"
"cc070a90-f892-43fe-b0f5-b6b5222d46db","http://ipt.vliz.be/eurobis/resource?r=belmonte_microzooplankton","4309a5ab-7050-4387-9abb-7dd497c96904"
"625a9e72-e783-46fc-9248-60a7cfbc9ce0","http://ipt.medobis.eu/resource?r=polychaete_egypt","fefda674-129a-4882-8ccc-e81651946111"
"c5b41db4-b568-4096-8f98-b74ffd615f37","http://ipt.iobis.org/obis-deepsea/resource?r=anthozoahydrozoa","7f611dcc-fe4f-4519-82bc-3e07166017d6"
"fdde5055-44f4-4066-83b6-4c2b00080eaa","https://nzobisipt.niwa.co.nz/resource?r=southernrightwhales_nz","d996f305-c5a7-41d8-8f55-766601ec70f8"
"59019e18-d1b2-47ce-95d2-b53032df3274","http://ogc-act.csiro.au/ipt/resource?r=aims_hk_octocorals","281d6c9a-a199-4f76-828d-1bc3f874da5d"
"5e009291-b1ce-454f-bbcf-d98142eaeda9","http://ipt.iobis.org/mbon/resource?r=mbonmontemar19","7a86aa20-8049-418d-b008-d586246f322f"
"1eb751cc-84d3-4db8-9331-2d4b1806cc9f","http://ipt.vliz.be/eurobis/resource?r=seabirds_greenland_iceland_faeroes_scotland_1974","dc22a2f5-2c51-455b-b121-cef418b23a49"
"581d43af-bd2f-4f4f-9ec7-81db8ed9c9de","http://ogc-act.csiro.au/ipt/resource?r=in2016_v06_wov","f9452582-daf8-4724-a217-4e99af1aea8a"
"ea900c7e-8837-41d7-b4b5-0022356543fd","https://ipt.biodiversity.aq/resource?r=ceamarc_antarctic_gelatinous_mesozooplankton","7e6cb805-dacb-4cff-b881-efc708346a51"
"14242931-d643-4f29-a505-4d8eab59751b","http://geo.abds.is/ipt/resource?r=arcod_2005b1","5ff379c6-80b3-4c10-a154-b0e7fbf35a2f"
"b015ead3-8088-47fa-a379-2be0e68c378f","http://ipt.iobis.org/obis-deepsea/resource?r=echinoderms","7636857e-72d3-4c1a-9a31-d19be9d122cf"
"7009824b-b1e4-4a67-9fe7-7ed4cf63cbef","https://ipt.biodiversidad.co/sibm/resource?r=anadarko_holothuroidea","ff562a82-53c1-48ca-bfdc-19475197cf92"
"f42a54d2-4283-47c9-a65b-49b34a34e3c2","https://www1.usgs.gov/obis-usa/ipt/resource?r=ambon_cetaceans_2015","f4b56e69-4ff5-4cd2-bc48-ec273232d9e0"
"2dc8ac96-9909-49e7-b003-29a0c6fdcf93","https://nzobisipt.niwa.co.nz/resource?r=nzhumpbacks","7d122ae7-ef18-42a7-a0d4-bf4540826dbc"
"3efdd6d8-7dd3-427c-ac08-ecdc94c15919","http://ipt.iobis.org/mbon/resource?r=gom_helmuth","8e7c73bf-613d-4c7a-bacc-bf9c92ed760f"
"5a0f9397-f785-41af-9ad0-8cd288b84d18","http://ogc-act.csiro.au/ipt/resource?r=nesp_tasfracture_cmr_lobpotting","47a97869-269b-44d2-95b2-0cf5289cbef7"
"de803590-9afc-4340-8fdc-49d5b2454657","https://ipt.biodiversidad.co/sibm/resource?r=unal_equinodermos_seaflower_2018","888f0578-bef9-41f6-a687-19137510a437"
"2633ced5-70d7-492d-a72e-fcee04738467","http://ipt.vliz.be/eurobis/resource?r=belmonte_cysts","bf75ddb7-9498-4f49-99be-82a94b4e0c55"
"fecdf302-3e69-43e1-9bf6-77d955416130","http://ogc-act.csiro.au/ipt/resource?r=csiro_camris","f4f88357-7e88-4cab-b3df-848dfcf07e0e"
"a126c30a-ed96-40ba-b0ae-31a1c812e788","http://ipt.vliz.be/eurobis/resource?r=deepsea_cirripedia","a48f262e-caeb-4531-bedb-fdd0553473b9"
"d0544c88-49bd-4141-ac3c-f97537fc11b3","http://ipt.vliz.be/eurobis/resource?r=demogr_2001","0f138af6-6c18-4be3-ad71-23e18b3505f0"
"da08b255-ad56-4e0c-8ee1-2c9ce02e3062","http://ogc-act.csiro.au/ipt/resource?r=nmr_regions_whaler_shark","76519c98-fdc6-4ed1-9355-0725f2f40793"
"6eee18aa-3e84-4e4d-878e-faae2574b4f5","http://ipt.iobis.org/obis-deepsea/resource?r=porifera_galapagos","7c4f1f09-55bd-49b3-9d7e-3f00f2c5106b"
"0d0dd9e9-5d93-442b-a820-51d2027976ed","https://ipt.biodiversidad.co/sibm/resource?r=unal_ictio_seaflower_2018","2bd4874a-949b-45ca-afcb-87285eb15038"
"379ebd9e-e257-43f9-b8cf-88e133eb57de","http://ogc-act.csiro.au/ipt/resource?r=nesp_ep2_bremer","bdb7dba3-b0e6-4490-8fb5-4be67cda2488"
"7c1fa836-81d9-4a07-929b-6c4288aeb21e","http://geo.abds.is/ipt/resource?r=arcod_2009b3","5dd0169f-3b69-41e6-bc1c-278d44c4f2fe"
"6b4593d1-587c-44a5-8af0-d046ae131b5b","http://ipt.vliz.be/eurobis/resource?r=turbellaria_dutch_delta_1978-1979","81883418-792e-46ae-bec2-3b8fbd735041"
"12845d63-2db6-4b91-a313-2ca4535e34d8","http://ipt.vliz.be/eurobis/resource?r=belmonte_zooplankton","824f4ab2-dfa1-4811-97d0-2ee1105b7c53"
"b795fd5d-71ab-413f-9bb6-90d803dce53c","http://geo.abds.is/ipt/resource?r=phyto_fb09","6baf50f9-5cc6-4c81-be68-0405da8d1620"
"01222525-5c04-4735-8eaa-d31533a48c4f","https://ipt.biodiversidad.co/sibm/resource?r=fca_condric_seaflower_2018","2a5ffdff-7c1b-4a3d-a201-59ac0c99aab5"
"825c0a69-1b6f-4d25-8672-8d4c717d0d3f","https://ipt.biodiversity.aq/resource?r=bas_jr275_echinoidea","bbb3b3a9-5596-41b2-acc9-dac239abe164"
"02be4d6c-76fa-410c-8968-49e5110d38b1","https://ipt.biodiversidad.co/sibm/resource?r=anadarko_colombia_002","1452b04f-4352-43a4-9a51-c10c456cf6e9"
"7eb44e64-8515-4c9e-aa7a-03aadbd546b1","https://ipt.biodiversidad.co/sibm/resource?r=cayosnorte2011","2f51827d-8e69-4ecc-9318-d93bdba79986"
"2add9286-4793-44b8-a00e-4578a7776c12","http://ipt.vliz.be/eurobis/resource?r=deepsea_bryozoa","76805c1e-0691-4d13-ab59-2211efa1a78a"
"adaebaa5-073a-4902-b723-b7446195c310","https://ipt.biodiversidad.co/sibm/resource?r=wwf_icticos_pacifico_2018","30606619-8e8a-4e2f-abcf-7385818e7550"
"63c96b21-947e-4ca9-909c-328dde949e7c","https://nzobisipt.niwa.co.nz/resource?r=rockbottomfaunabankspeninsula","ead7472e-1185-46d7-a261-356048968413"
"e36e3421-8bc9-47e2-aa60-7e367a889397","http://ipt.vliz.be/eurobis/resource?r=deepsea_crinoidea","2a570f00-86e1-46ca-bfb6-7dd077e66004"
"98ac8997-ba0b-4bfa-ab8e-8b8f56145689","https://ipt.biodiversidad.co/sibm/resource?r=unal_algas_seaflower_2017","fc467aa6-0fc4-41d1-908b-fbe7d27c72fc"
"952c1493-9265-440d-8f6c-882ae12bf33b","http://ipt.iobis.org/mbon/resource?r=helmuthlab_","16dfc271-9bae-4d87-8f67-fe6ff90e3aff"
"e0b19500-a6b0-44dd-ba09-f492c4fe4fa4","https://ipt.biodiversidad.co/sibm/resource?r=unal_algas_seaflower_2018","f5a8eab6-320c-4a6d-8124-663b9b354362"
"34991b8f-e6a9-4870-812c-7ca24a729d13","http://ipt.vliz.be/eurobis/resource?r=macroben_gulfofgdansk","df662766-0716-4bea-bad0-158e985071c6"
"3cdb3dca-4df4-4931-9155-b41da2ce4075","http://ipt.iobis.org/mbon/resource?r=galapagos","0a80c025-3f11-4b59-be35-13f1969761e6"
"b976134b-70af-4608-ae99-9ad599e284c6","https://nzobisipt.niwa.co.nz/resource?r=tan1802marinemammalsightings","5c1606d4-5608-46f0-8bf0-44385cebfbc2"
"5c3fe655-5c07-402c-a3dc-0c05f0cf3191","http://ipt.vliz.be/eurobis/resource?r=deepsea_brachiopoda","f9e195c8-4f0a-4a88-a00e-23db76ef8a1c"
"838de48c-aa45-4771-971f-1f1796f9bf75","http://ogc-act.csiro.au/ipt/resource?r=csiro_ss200803","0c321862-ceb7-415d-8db0-95db8462b479"
"19b2daba-7705-4833-aa0d-ff6d363e9cc9","http://ipt.vliz.be/eurobis/resource?r=epibenthos_demersal_fish_aniline_discharge_belgian_shelf_1982-1984","b0a42677-76a5-445a-aa5e-d1956f4ab142"
"e2ae1710-46e4-4331-88c7-8970336fdb42","http://ipt.iobis.org/mbon/resource?r=mbon_uybarra","a6ed9633-4efd-45c6-8bc7-41b16cf0b6ea"
"e57f6ac1-e6ed-4a57-abd9-a400ea0301e6","https://ipt.biodiversity.aq/resource?r=test_yi-ming_2017","ebe73e19-11eb-48d2-9263-fb0caa3b7b5a"
"2b6cc735-4302-4372-b88f-7a1129bfb662","http://geo.abds.is/ipt/resource?r=arcod_2007i3","9cdfd6cb-b1b0-4534-bdb0-a50a0e68076a"
"d98337e1-977f-4e4c-bd02-ae0aa69caa3a","http://geo.abds.is/ipt/resource?r=spider","24814443-5120-4da1-8b49-f345383ed4b4"
"86ed1f5d-e911-4423-b965-8349248dfee2","http://ipt.iobis.org/mbon/resource?r=helmuthlab_test","c58a2850-d3f4-47f7-9008-2201cdf40fbe"
"f504ff3b-0cdc-4145-ac73-2fc9ae2c4784","https://ipt.biodiversidad.co/sibm/resource?r=unal_ictio_seaflower_2017","a983b1f1-296c-4d97-8504-69a6e969ac03"
"19a213dd-e2df-48e1-ad3d-c3ffdba81e18","http://ipt.medobis.eu/resource?r=brachiopoda_plakias","5dde9cca-4cb9-41e6-9dbf-f50861d65f83"
"499dfc7b-a567-42b5-8c26-a017c87298e6","https://ipt.biodiversidad.co/sibm/resource?r=equinodermos_unidades_ecologicas_someras_serranilla2017-seaflower-proyecto_colombia_bio","560539d5-7f71-4fd8-998b-ba5b16a55568"
"4a595d2a-3c4e-48a3-aca0-8bf64aa368ad","https://ipt.biodiversidad.co/sibm/resource?r=unisinu_maroinv_pacifico_2018","5a04eaa5-f5cd-46c6-a316-b2b12894b380"
"ef7620c2-cf73-41d8-9386-f1fc51893798","http://ipt.vliz.be/eurobis/resource?r=estuar_2000","aadace25-8f1f-4a64-96ea-41811724eb6c"
"1b82f221-a30d-4345-9375-433d5c399e3e","https://ipt.biodiversity.aq/resource?r=bccm_ulc_culture_collection_uliege","08668664-5f23-4cdf-91f4-6835ab30118f"
"29271d9a-c768-4928-accc-7d61a52185d7","https://ipt.biodiversidad.co/sibm/resource?r=uptc_aves-reptiles_pacifico_2018","79fb09c3-bf78-41cf-ad65-bcdce10e640d"
"7e9d478e-16cd-4afa-831e-55c23f7fc723","http://ipt.iobis.org/caribbeanobis/resource?r=seagrasssurvey_colombia","94111134-ee88-449f-a86f-e940943b5516"
"d48e5611-66c8-49ca-ab4c-9f3bbc93abea","http://geo.abds.is/ipt/resource?r=arcod_2006i1","fdfbc4d7-9acb-4fe1-b9ee-d4f8e72aa3a1"
"077952ad-0e37-4ae0-80ff-9f9794d597a4","http://ipt.medobis.eu/resource?r=syllidae_egypt","387fc606-c85e-4423-8b23-202dfe723c08"
"15b142e2-866e-433f-9b2c-e7ea5939bab4","http://ipt.iobis.org/esp-obis/resource?r=ctenoforo_ms","644b5e09-595f-4e0d-b464-ba734e04ab61"
"c4b97a90-db88-43c6-9bab-d45298213475","http://ipt.vliz.be/eurobis/resource?r=micro_2000","abde7512-bec5-4734-8746-e7a2e2c5035c"
"20c5a1df-f8a1-4963-8b98-e8000de0f8bd","https://ipt.biodiversidad.co/sibm/resource?r=ictio_serranilla","8ba39a1f-659e-4be1-8aa1-228f0a013444"
"49ae072f-d54d-4826-832b-12ef86f2c81e","http://geo.abds.is/ipt/resource?r=arcod_2008i3","3c8a5d19-69a7-46e3-980b-59abc1dc29ab"
"73195855-408b-4562-8349-c5774fd4fa2f","http://geo.abds.is/ipt/resource?r=arcod_2008i4","c9c0bc17-9def-4413-bcd0-2aaf7f6bfe2d"
"d87007d2-8d53-4c79-93ff-5ebafebbe6bb","https://ipt.biodiversity.aq/resource?r=historic_antarctic_fish_dataset_2019","ccba820a-bc62-4cf4-85f2-e0a991efcc6c"
"f519504c-2383-4196-a527-9e0df13acf56","http://ipt.vliz.be/eurobis/resource?r=deepsea_antipatharia","83c30cce-d66a-44d8-888c-0f1291a18a2a"
"3fa25e01-c1e5-4b62-ad3d-a822005013c5","http://ipt.vliz.be/eurobis/resource?r=chert_2005","26129f66-fb74-4a89-bed7-812f2533b68c"
"1633768d-17b0-454a-8d32-be3500a84a9e","https://www1.usgs.gov/obis-usa/ipt/resource?r=snail_bcodmo_whoi","24764109-7e9f-4dc0-80cd-289d11bfd9e1"
"2c4e7f5f-50a4-4a6d-a92b-8382a92617f4","http://ipt.iobis.org/mbon/resource?r=helmuthlab","278dd85c-cf15-4a44-932d-2c0ee6e3230d"
"23ba1623-a8c1-4bde-b3b0-912aa5cca885","https://ipt.biodiversidad.co/sibm/resource?r=serranilla2017","43460666-2eb6-4b2f-9819-0259534a32c3"
"2e3d797b-69db-4e5d-b4a9-9e1f8d8dbc70","http://ipt.vliz.be/eurobis/resource?r=leidenberger_od","9c8c249c-9426-4a03-a5bc-9150966b3c2c"
"36e6bd0b-d43f-422c-a40b-d7f98295d93b","http://geo.abds.is/ipt/resource?r=arcod_2005o2","ad94fb48-5118-40e0-99bc-fa1d94ead1c9"
"baa416c9-4da0-450e-8ab6-ec3623b1c198","http://geo.abds.is/ipt/resource?r=arcod_2008i5","0e12c2cc-0d0e-4300-bcc8-6492ac6eb117"
"d9c113a6-44b7-429c-920d-3ee162670c14","http://ipt.vliz.be/eurobis/resource?r=deepsea_echiura","c789ebf2-bc41-46a8-8e3a-ac0ac082649e"
"a0317166-af21-48b9-bda7-25547a34f558","http://geo.abds.is/ipt/resource?r=arc_2007i4","2ee9763f-58bd-447b-bc37-0ac42e5dccb6"
"0f7da8fd-0fb7-47a6-b3a8-10e54caaa6de","http://ipt.iobis.org/obis-deepsea/resource?r=annelida_galapagos","301b8cdd-663f-46fc-b0e7-e48f3cd79c27"
"237d9d1b-7e81-4776-aa32-c4cfa6707f10","http://ipt.vliz.be/eurobis/resource?r=belmonte_mesozooplankton","a011787f-4345-48f4-9d83-d62df608369c"
"3bac1bfd-301c-44d9-abed-6588cc51365b","http://ipt.vliz.be/eurobis/resource?r=colon_2000","13505587-6ed4-4a92-b9d6-067f99cfa41f"
"483211f0-f210-44a1-85ea-deb16948baae","https://ipt.biodiversidad.co/sibm/resource?r=unisinu_bacterias_pacifico_2018","92b72b47-2793-444d-ac7e-1a092cb7510e"
"2c337395-363b-4e88-81b6-c3bab5ee83fe","https://www1.usgs.gov/obis-usa/ipt/resource?r=sea_cruise_c247_2013","689651c6-00ff-416a-b496-34d2630df7f9"
"c44d7dd7-3b85-4b64-a9b0-b7b78288958d","http://ipt.medobis.eu/resource?r=polychaete_alex","0c27b712-832d-4f0e-8e03-97af404e83ff"
"91b4fde9-b9e0-4839-8ea3-ab027eb07eac","http://geo.abds.is/ipt/resource?r=arcod_2007i1","c48b060b-5473-480a-9790-3cc0e0c10f55"
"948851ff-3387-45dc-a97b-87f381dbacbe","https://ipt.biodiversidad.co/sibm/resource?r=calidris_aves_seaflower_2018","d6814a02-1ba6-4001-9bee-5fbca142fdcc"
"b624e9f7-a5c1-415e-8c91-b4c3ccf1c495","http://ipt.vliz.be/eurobis/resource?r=olen_2007","3fd5fe48-2bb9-46f2-97f7-ab27b824ce8e"
"63f00054-c8a2-44eb-b0f1-44b3dbe6e571","https://ipt.biodiversidad.co/sibm/resource?r=esponjasalgassffmalpelo","13f4c802-5192-45aa-ba37-4c88bbe983b9"
"f32f0bc2-c74e-46af-94b9-815e9dd70c5f","http://geo.abds.is/ipt/resource?r=arcod_2008i2","4e78f4b4-4844-4e7c-b010-8dfa81d8563c"
"727322b7-bdfd-4229-bb10-850ff97b5833","http://ipt.medobis.eu/resource?r=syllidae2_egypt","d9fb9220-89d3-4ee4-b96b-a63f35f3b702"
"ddb391eb-e918-4eb9-8a4b-65bddba563a4","http://geo.abds.is/ipt/resource?r=arcod_2007b3","9af2981b-cc16-4c0c-86ae-ce04c279dbc6"
"cefa0800-aee5-4f54-8bab-e0083b19a81f","http://geo.abds.is/ipt/resource?r=arcod_2008i1","8a598f88-5cbb-4d90-8539-d68aa32340da"
"d835b33e-1e12-459b-b7ef-33e540252648","http://ipt.vliz.be/eurobis/resource?r=deepsea_ceriantharia","ec06e9e4-af77-4a50-ad21-6fc47fcf56c9"
"889c5609-1351-4575-84d8-95c58f7deec8","http://ipt.vliz.be/eurobis/resource?r=reference_collection_lifewatch","47ffa1e7-fff8-486b-9446-2473c371c275"
